{"energy": 31061988.307999976, "time": 61650.78604102135, "cost": 50055434.33697194, "num_epochs": 31, "reached": true}